Country,Cultivatedland(km2),Arableland(km2),Permanentcrops(km2),Otherlands(km2),Totalarea(km2)
India,1765260.0,1656780.0,108479.0,1522002.0,3287263.0
United States,1681826.0,1652028.0,29798.0,8151691.0,9833517.0
Russia,1265267.0,1248169.0,17098.0,15832975.0,17098242.0
China,1238013.0,1084461.0,153552.0,8358947.0,9596960.0
Brazil,800485.0,570572.0,68126.0,7715285.0,8515770.0
Canada,519205.0,429355.0,49924.0,9465465.0,9984670.0
Australia,487695.0,307520.0,7741.0,7253525.0,7741220.0
Indonesia,478055.0,247598.0,230457.0,1426514.0,1904569.0
Nigeria,412938.0,354726.0,68361.0,510830.0,923768.0
Argentina,397598.0,328087.0,11122.0,2382802.0,2780400.0
Ukraine,347673.0,342901.0,9054.0,255877.0,603550.0
Sudan,296289.0,204710.0,3723.0,1565195.0,1861484.0
Mexico,259301.0,202229.0,27502.0,1705074.0,1964375.0
Kazakhstan,242516.0,221059.0,0.0,2482384.0,2724900.0
Turkey,240553.0,209211.0,31342.0,543009.0,783562.0
Pakistan,227686.0,219724.0,7962.0,568409.0,796095.0
France,226617.0,180955.0,11588.0,417184.0,643801.0
Thailand,203188.0,158035.0,45153.0,309932.0,513120.0
Iran,197794.0,158208.0,19788.0,1450401.0,1648195.0
Ethiopia,180001.0,167854.0,12147.0,924299.0,1104300.0
Spain,171836.0,125845.0,45991.0,333534.0,505370.0
Tanzania,157252.0,142763.0,21788.0,790048.0,947300.0
Niger,155968.0,155841.0,127.0,1111032.0,1267000.0
Myanmar (Burma),114341.0,111639.0,14885.0,550054.0,676578.0
South Africa,124338.0,120780.0,3647.0,1094752.0,1219090.0
Germany,123879.0,119344.0,2142.0,233143.0,357022.0
Poland,117262.0,113197.0,4065.0,195423.0,312685.0
Uganda,109896.0,82917.0,27233.0,131148.0,241038.0
Vietnam,108302.0,68227.0,40075.0,222908.0,331210.0
Philippines,108000.0,54600.0,53400.0,192000.0,300000.0
Romania,97744.0,93214.0,4530.0,140647.0,238391.0
Bangladesh,97268.0,87615.0,9653.0,51192.0,148460.0
Italy,94609.0,68697.0,25912.0,206729.0,301338.0
Morocco,91111.0,78155.0,12951.0,355439.0,446550.0
Algeria,83360.0,73833.0,9527.0,2298381.0,2381741.0
Afghanistan,78916.0,77612.0,1304.0,673314.0,652230.0
Cameroon,77965.0,62277.0,15688.0,397475.0,475440.0
Cote d'Ivoire,75143.0,29348.0,45795.0,247320.0,322463.0
Malaysia,73568.0,9567.0,64001.0,256279.0,329847.0
Mali,70691.0,69451.0,1240.0,1169501.0,1240192.0
Kenya,62103.0,56879.0,5224.0,518264.0,580367.0
United Kingdom,61631.0,60171.0,487.0,181979.0,243610.0
Syria,57783.0,47041.0,10742.0,688651.0,185180.0
Belarus,57713.0,56467.0,1246.0,149887.0,207600.0
Paraguay,55770.0,54756.0,1014.0,350982.0,406752.0
Tunisia,55133.0,29939.0,25194.0,108477.0,163610.0
Peru,53878.0,39841.0,14137.0,1231338.0,1285216.0
Mozambique,53560.0,51162.0,2398.0,745820.0,799380.0
Chad,50076.0,35258.0,0.0,1233924.0,1284000.0
Uzbekistan,48766.0,45187.0,3579.0,398634.0,447400.0
Japan,47250.0,44226.0,3024.0,327751.0,377915.0
Hungary,46965.0,45105.0,1860.0,46063.0,93028.0
Malawi,46926.0,45267.0,1659.0,71558.0,118484.0
Ghana,46207.0,28393.0,17814.0,192346.0,238553.0
Burkina Faso,45533.0,44710.0,823.0,228667.0,274200.0
Cambodia,42716.0,41087.0,1629.0,138319.0,181035.0
Democratic Republic of the Congo,42208.0,37518.0,4690.0,2302650.0,2344858.0
Bolivia,41762.0,39564.0,2198.0,1056819.0,1098581.0
Cuba,41476.0,37484.0,3992.0,69384.0,110860.0
Madagascar,41090.0,35220.0,5870.0,545951.0,587041.0
Iraq,39009.0,36817.0,2192.0,399308.0,438317.0
Greece,37752.0,26004.0,11748.0,94205.0,131957.0
Zambia,36125.0,36125.0,0.0,716493.0,752618.0
Egypt,36054.0,28042.0,8012.0,965396.0,1001450.0
Angola,52361.0,48621.0,3740.0,1194339.0,1246700.0
Guinea,35901.0,29016.0,6885.0,209956.0,245857.0
Venezuela,35572.0,28275.0,7297.0,876478.0,912050.0
Bulgaria,35323.0,33159.0,2164.0,75556.0,110879.0
Senegal,34816.0,34226.0,590.0,161906.0,196722.0
Saudi Arabia,34400.0,32250.0,2150.0,2115290.0,2149690.0
Colombia,34170.0,15946.0,18224.0,1104740.0,1138910.0
Czech Republic,33138.0,32349.0,789.0,45729.0,78867.0
Serbia,31853.0,29218.0,2635.0,45621.0,77474.0
Benin,29726.0,25785.0,3941.0,82896.0,112622.0
Ecuador,29221.0,13334.0,15887.0,254430.0,283651.0
North Korea,29124.0,15808.0,13316.0,91414.0,120538.0
Sweden,28819.0,24019.0,0.0,421476.0,450295.0
Togo,27832.0,25674.0,2158.0,28953.0,56785.0
Denmark,25429.0,25386.0,43.0,17665.0,43094.0
Guatemala,25047.0,15464.0,9583.0,83842.0,108889.0
Finland,25019.0,25019.0,0.0,313126.0,338145.0
Nepal,23993.0,22227.0,1766.0,123188.0,147181.0
Sri Lanka,23944.0,13579.0,10365.0,41666.0,65610.0
Lithuania,23117.0,22790.0,327.0,42183.0,65300.0
Azerbaijan,22083.0,19745.0,2338.0,64517.0,86600.0
Moldova,21764.0,18679.0,3085.0,73514.0,33851.0
Kyrgyzstan,21400.0,13400.0,8000.0,178551.0,199951.0
Libya,21114.0,17595.0,3519.0,1738426.0,1759540.0
Turkmenistan,20496.0,20008.0,488.0,467604.0,488100.0
Nicaragua,19554.0,16295.0,3259.0,111816.0,130370.0
Sierra Leone,18857.0,16778.0,2079.0,52883.0,71740.0
Central African Republic,18690.0,18067.0,623.0,604294.0,622984.0
Uruguay,18215.0,17798.0,417.0,158000.0,176215.0
Portugal,18144.0,10960.0,7184.0,73946.0,92090.0
South Korea,17347.0,15254.0,2193.0,82373.0,99720.0
Yemen,16684.0,11616.0,1320.0,511286.0,527968.0
Laos,16340.0,14682.0,1658.0,220460.0,236800.0
Chile,16022.0,12854.0,3168.0,740080.0,756102.0
Burundi,15151.0,10814.0,4337.0,57282.0,27830.0
Rwanda,15017.0,12361.0,2656.0,11321.0,26338.0
Honduras,14684.0,10201.0,4483.0,97406.0,112090.0
Austria,14515.0,13844.0,671.0,69256.0,83871.0
Slovakia,14357.0,14161.0,196.0,34678.0,49035.0
Haiti,13538.0,10703.0,2835.0,14212.0,27750.0
Dominican Republic,13000.0,8084.0,4916.0,35670.0,48670.0
Netherlands,12824.0,12367.0,457.0,28719.0,41543.0
Latvia,12662.0,12016.0,646.0,51927.0,64589.0
Somalia,11479.0,11479.0,0.0,616798.0,637657.0
Bosnia and Herzegovina,11110.0,10086.0,1024.0,40087.0,51197.0
Ireland,10826.0,10826.0,0.0,70273.0,70273.0
Papua New Guinea,10182.0,3240.0,6942.0,452658.0,462840.0
Tajikistan,10087.0,8790.0,1297.0,134013.0,144100.0
Croatia,9905.0,9056.0,849.0,46689.0,56594.0
El Salvador,9108.0,6852.0,2256.0,11612.0,20720.0
Belgium,8540.0,8296.0,244.0,21988.0,30528.0
Namibia,8243.0,8243.0,0.0,816049.0,824292.0
Liberia,8132.0,5793.0,2339.0,103237.0,111369.0
Eritrea,7997.0,7997.0,0.0,109603.0,117600.0
Panama,7389.0,5504.0,1885.0,68031.0,75420.0
Albania,7359.0,6497.0,862.0,21458.0,28748.0
Norway,7124.0,7124.0,0.0,316678.0,323802.0
Estonia,6780.0,6735.0,45.0,38448.0,45228.0
Mongolia,6256.0,6256.0,0.0,1557860.0,1564116.0
Republic of the Congo,6156.0,5472.0,684.0,335844.0,342000.0
Costa Rica,5928.0,2504.0,3424.0,45172.0,51100.0
New Zealand,5642.0,4838.0,806.0,263196.0,268838.0
Guinea-Bissau,5451.0,2960.0,2491.0,30674.0,36125.0
Georgia,5298.0,4043.0,1255.0,64402.0,69700.0
Armenia,5257.0,4693.0,564.0,24486.0,29743.0
Gabon,4818.0,3212.0,1606.0,262849.0,267667.0
Guyana,4730.0,4515.0,215.0,210239.0,214969.0
Gambia,4690.0,4633.0,57.0,6610.0,11300.0
North Macedonia,4575.0,4215.0,360.0,21138.0,25713.0
Switzerland,4461.0,4213.0,248.0,36816.0,41277.0
Mauritania,4124.0,4124.0,0.0,1026576.0,1030700.0
Israel,3640.0,2850.0,790.0,17130.0,20770.0
Botswana,3492.0,3492.0,0.0,578238.0,581730.0
Lesotho,3096.0,3066.0,30.0,27259.0,30355.0
Jordan,2681.0,1787.0,894.0,86661.0,89342.0
Lebanon,2517.0,1238.0,1279.0,7883.0,10400.0
Fiji,2507.0,1647.0,860.0,15767.0,18274.0
Jamaica,2233.0,1221.0,1012.0,8758.0,10991.0
Timor-Leste,2231.0,1502.0,729.0,12643.0,14874.0
Palestine[3],2023.0,953.0,1070.0,3617.0,5860.0
Slovenia,1970.0,1706.0,264.0,18303.0,20273.0
Montenegro,1950.0,1784.0,166.0,11862.0,13812.0
Eswatini (Swaziland),1840.0,1701.0,139.0,15524.0,17364.0
Equatorial Guinea,1798.0,1208.0,590.0,26253.0,28051.0
Comoros,1709.0,1046.0,663.0,526.0,2235.0
Puerto Rico,1684.0,911.0,773.0,12107.0,13791.0
Vanuatu,1451.0,195.0,1256.0,10738.0,12189.0
Cyprus,1206.0,906.0,296.0,8045.0,9251.0
Bhutan,1113.0,998.0,115.0,37281.0,38394.0
Belize,1080.0,758.0,322.0,21886.0,22966.0
Solomon Islands,1040.0,202.0,838.0,27856.0,28896.0
United Arab Emirates,836.0,418.0,418.0,82764.0,83600.0
Mauritius,824.0,764.0,60.0,1216.0,2586.0
Suriname,655.0,655.0,0.0,163165.0,163820.0
Luxembourg,636.0,620.0,16.0,1950.0,2586.0
Oman,619.0,310.0,309.0,308881.0,309500.0
Cape Verde,500.0,472.0,28.0,3533.0,4033.0
São Tomé and Príncipe,479.0,87.0,392.0,485.0,964.0
Trinidad and Tobago,471.0,251.0,220.0,4657.0,5128.0
Kiribati,411.0,22.0,389.0,400.0,811.0
Micronesia,361.0,40.0,321.0,341.0,702.0
Samoa,299.0,79.0,220.0,2532.0,2831.0
French Polynesia,290.0,29.0,261.0,3877.0,4167.0
Tonga,280.0,166.0,115.0,467.0,747.0
Dominica,237.0,57.0,180.0,514.0,751.0
Gaza Strip,180.0,104.0,76.0,180.0,360.0
Saint Lucia,176.0,39.0,137.0,430.0,606.0
Barbados,170.0,160.0,10.0,261.0,431.0
Kuwait,159.0,106.0,53.0,17659.0,17818.0
Brunei,156.0,110.0,46.0,5115.0,5270.0
Qatar,153.0,128.0,23.0,11433.0,11586.0
Saint Vincent and the Grenadines,140.0,70.0,70.0,249.0,389.0
Maldives,130.0,40.0,90.0,170.0,300.0
Grenada,121.0,20.0,101.0,223.0,344.0
Guam,118.0,20.0,98.0,423.0,541.0
Wallis and Futuna,118.0,20.0,98.0,157.0,274.0
Malta,109.0,99.0,10.0,207.0,316.0
Antigua and Barbuda,101.0,81.0,20.0,342.0,443.0
New Caledonia,100.0,59.0,41.0,18475.0,18575.0
Marshall Islands,100.0,20.0,80.0,80.0,181.0
Netherlands Antilles,96.0,96.0,0.0,864.0,960.0
Bahamas,87.0,58.0,29.0,9982.0,10070.0
Northern Mariana Islands,83.0,62.0,21.0,394.0,477.0
Iceland,70.0,70.0,0.0,100180.0,100250.0
Niue,70.0,30.0,40.0,190.0,260.0
Seychelles,69.0,10.0,59.0,386.0,455.0
Palau,60.0,40.0,20.0,398.0,458.0
Cook Islands,60.0,40.0,20.0,178.0,237.0
Saint Kitts and Nevis,58.0,51.0,7.0,203.0,261.0
Bahrain,56.0,19.0,37.0,609.0,665.0
Western Sahara,53.0,53.0,0.0,265947.0,266000.0
Isle of Man,51.0,51.0,0.0,521.0,572.0
American Samoa,49.0,30.0,19.0,175.0,224.0
British Virgin Islands,41.0,31.0,10.0,112.0,153.0
Liechtenstein,40.0,40.0,0.0,120.0,160.0
Faroe Islands,30.0,30.0,0.0,1369.0,1399.0
Saint Pierre and Miquelon,30.0,30.0,0.0,212.0,242.0
U.S. Virgin Islands,30.0,20.0,10.0,316.0,346.0
Aruba,20.0,20.0,0.0,173.0,193.0
Montserrat,20.0,20.0,0.0,82.0,102.0
Singapore,20.0,10.0,10.0,663.0,683.0
Tuvalu,17.0,0.0,17.0,9.0,26.0
Bermuda,11.0,11.0,0.0,42.0,53.0
Andorra,10.0,10.0,0.0,458.0,468.0
Turks and Caicos Islands,10.0,10.0,0.0,420.0,430.0
Cayman Islands,10.0,10.0,0.0,252.0,262.0
San Marino,10.0,10.0,0.0,51.0,61.0
Djibouti,9.0,9.0,0.0,22971.0,22980.0
Antarctica,0.0,0.0,0.0,14000000.0,14000000.0
Greenland,0.0,0.0,0.0,2166086.0,2166086.0
Svalbard,0.0,0.0,0.0,61020.0,61020.0
Falkland Islands,0.0,0.0,0.0,12173.0,12173.0
South Georgia and the South Sandwich Islands,0.0,0.0,0.0,3903.0,3903.0
Heard Island and McDonald Islands,0.0,0.0,0.0,412.0,412.0
Jan Mayen,0.0,0.0,0.0,377.0,377.0
Christmas Island,0.0,0.0,0.0,135.0,135.0
Jersey,0.0,0.0,0.0,116.0,116.0
Anguilla,0.0,0.0,0.0,102.0,102.0
British Indian Ocean Territory,0.0,0.0,0.0,60.0,60.0
Bouvet Island,0.0,0.0,0.0,49.0,49.0
Norfolk Island,0.0,0.0,0.0,35.0,35.0
Macau,0.0,0.0,0.0,28.0,28.0
Nauru,0.0,0.0,0.0,21.0,21.0
Cocos (Keeling) Islands,0.0,0.0,0.0,14.0,14.0
Tokelau,0.0,0.0,0.0,10.0,10.0
Gibraltar,0.0,0.0,0.0,7.0,7.0
Wake Island,0.0,0.0,0.0,7.0,7.0
Clipperton Island,0.0,0.0,0.0,6.0,6.0
Ashmore and Cartier Islands,0.0,0.0,0.0,5.0,5.0
Navassa Island,0.0,0.0,0.0,5.0,5.0
Monaco,0.0,0.0,0.0,2.0,2.0
Vatican City,0.0,0.0,0.0,0.44,0.44
